borough,location_i,objectid,shape_area,shape_leng,zone,longitude,latitude
EWR,1.0,1.0,0.0007823067885,0.116357453189,Newark Airport,-74.17153349999995,40.689483499999895
Queens,2.0,2.0,0.00486634037837,0.43346966679,Jamaica Bay,-73.82247803552738,40.61082353463823
Bronx,3.0,3.0,0.000314414156821,0.0843411059012,Allerton/Pelham Gardens,-73.84495310749989,40.86574730099992
Manhattan,4.0,4.0,0.000111871946192,0.0435665270921,Alphabet City,-73.97772542292921,40.72413692699997
Staten Island,5.0,5.0,0.000497957489363,0.0921464898574,Arden Heights,-74.18755828249994,40.550664064999935
Staten Island,6.0,6.0,0.000606460984581,0.150490542523,Arrochar/Fort Wadsworth,-74.07256563877093,40.59904276221754
Queens,7.0,7.0,0.000389787989274,0.107417171123,Astoria,-73.92030746749995,40.7610828654999
Queens,8.0,8.0,2.6587716279e-05,0.0275906911574,Astoria Park,-73.92312156108176,40.77862509038407
Queens,9.0,9.0,0.000338443803197,0.0997840924705,Auburndale,-73.78651680849993,40.75434276799989
Manhattan,24.0,24.0,6.07235737749e-05,0.0469999619287,Bloomingdale,-73.96552238095356,40.80191568729478
Queens,10.0,10.0,0.000435823818081,0.0998394794152,Baisley Park,-73.78898557749989,40.6782561839999
Brooklyn,11.0,11.0,0.00026452053504,0.0792110389596,Bath Beach,-74.00751040830949,40.60401449106883
Manhattan,12.0,12.0,4.15116236727e-05,0.0366613013579,Battery Park,-74.0157258918405,40.702497062934114
Manhattan,13.0,13.0,0.000149358592917,0.0502813228631,Battery Park City,-74.01589181962237,40.71153468920309
Bronx,18.0,18.0,0.000148850163948,0.0697995498569,Bedford Park,-73.89127428349988,40.86867793799989
Brooklyn,25.0,25.0,0.000124168267356,0.0471458199319,Boerum Hill,-73.98647201599982,40.68571924249989
Brooklyn,14.0,14.0,0.00138177826442,0.175213698053,Bay Ridge,-74.0285213693821,40.62359275570357
Queens,15.0,15.0,0.000925219395547,0.14433622262,Bay Terrace/Fort Totten,-73.78527445765596,40.784888059040995
Brooklyn,22.0,22.0,0.000472062684608,0.126170229196,Bensonhurst West,-73.9950711269999,40.6096815280311
Staten Island,23.0,23.0,0.00219556576201,0.290556028962,Bloomfield/Emerson Hill,-74.16044164396826,40.607450098919145
Queens,16.0,16.0,0.000871889446182,0.141291873771,Bayside,-73.77471369291123,40.76121553799993
Brooklyn,17.0,17.0,0.000322957654799,0.093522632948,Bedford,-73.95068947349995,40.69177696199988
Queens,19.0,19.0,0.000546661094782,0.101824875452,Bellerose,-73.72861067890517,40.73673660794557
Bronx,20.0,20.0,0.000134512633032,0.0514401924362,Belmont,-73.88619042849992,40.85773933999992
Brooklyn,21.0,21.0,0.000380251345507,0.115973569062,Bensonhurst East,-73.9858580212229,40.601994973510216
Brooklyn,26.0,26.0,0.000534039927626,0.12354780707,Borough Park,-73.99012981799996,40.62860035949991
Queens,27.0,27.0,0.00134088762746,0.202508808518,Breezy Point/Fort Tilden/Riis Beach,-73.90170527256132,40.55893992410243
Queens,28.0,28.0,0.000291203927662,0.097960782214,Briarwood/Jamaica Hills,-73.80832597049988,40.7107408159999
Brooklyn,33.0,33.0,0.000147416802448,0.0532702931967,Brooklyn Heights,-73.99602169307268,40.69625694246597
Brooklyn,29.0,29.0,0.000201673837402,0.0714083127733,Brighton Beach,-73.96062421335655,40.582514119365925
Bronx,31.0,31.0,0.000333975927329,0.0964245666516,Bronx Park,-73.8761049054999,40.860015707499954
Bronx,32.0,32.0,0.000150879171971,0.05426721601,Bronxdale,-73.86386018649995,40.86438838349993
Queens,30.0,30.0,0.000145862107626,0.0945097669793,Broad Channel,-73.82479984955917,40.60490930856772
Brooklyn,34.0,34.0,0.000173946146651,0.0657059323545,Brooklyn Navy Yard,-73.97231938410377,40.70250752257607
Brooklyn,35.0,35.0,0.000323825195932,0.085787918592,Brownsville,-73.91259334499993,40.66380131049988
Brooklyn,36.0,36.0,0.000247666139269,0.0870507867063,Bushwick North,-73.9175758074999,40.69897118749988
Brooklyn,37.0,37.0,0.000452062644782,0.142810040466,Bushwick South,-73.92042706849989,40.69629654699988
Queens,38.0,38.0,0.000327392684821,0.0832175685234,Cambria Heights,-73.73676400060572,40.693361363486915
Brooklyn,39.0,39.0,0.00090028293862,0.132369620757,Canarsie,-73.89854748942138,40.638860892692335
Brooklyn,40.0,40.0,0.000108949211644,0.0518506648762,Carroll Gardens,-73.99525822599992,40.6785420594999
Manhattan,41.0,41.0,0.000143093037737,0.052793109453,Central Harlem,-73.95070912799989,40.804176356499916
Manhattan,45.0,45.0,9.13594688556e-05,0.0459068626235,Chinatown,-73.99883418899992,40.712982235837806
Bronx,46.0,46.0,0.000926391677672,0.134475429879,City Island,-73.77942003413594,40.847487305955916
Manhattan,42.0,42.0,0.000263896952605,0.0927092274616,Central Harlem North,-73.94296557610663,40.82096513630885
Manhattan,43.0,43.0,0.000379662912054,0.0997386183576,Central Park,-73.96543425149989,40.78243070999989
Staten Island,44.0,44.0,0.00194465649192,0.235688967594,Charleston/Tottenville,-74.230643707576,40.52731570058512
Bronx,47.0,47.0,0.000163198117339,0.0898275563294,Claremont/Bathgate,-73.90038283149993,40.84531677249991
Manhattan,48.0,48.0,9.42538425377e-05,0.0437467441431,Clinton East,-73.98983608299999,40.76224880249994
Brooklyn,49.0,49.0,0.000203185525471,0.0752900183427,Clinton Hill,-73.96170670799994,40.68876461499987
Manhattan,50.0,50.0,0.000173249283326,0.0557479867536,Clinton West,-73.99591012309416,40.76656845547106
Bronx,51.0,51.0,0.000395756553505,0.0953613442277,Co-Op City,-73.82951438949993,40.87343570699992
Brooklyn,52.0,52.0,4.52027509603e-05,0.0289076710093,Cobble Hill,-73.9965055249999,40.686459061499946
Queens,53.0,53.0,0.000947530980821,0.161500913385,College Point,-73.84718616016457,40.78198428688526
Brooklyn,54.0,54.0,0.000132452130536,0.0762192448554,Columbia Street,-74.00497260507314,40.68685015153733
Brooklyn,55.0,55.0,0.000736274713586,0.149956807524,Coney Island,-73.98621165112738,40.57708729324328
Queens,56.0,56.0,0.000180907844436,0.0568478126677,Corona,-73.8577089209999,40.74156724149991
Queens,56.0,56.0,0.000180907844436,0.0568478126677,Corona,-73.85334967649996,40.75198053449989
Queens,56.0,57.0,1.80259807917e-05,0.0192705048557,Corona,-73.8577089209999,40.74156724149991
Queens,56.0,57.0,1.80259807917e-05,0.0192705048557,Corona,-73.85334967649996,40.75198053449989
Bronx,58.0,58.0,0.000204980931361,0.0598554094851,Country Club,-73.8189705241183,40.84149471389722
Bronx,59.0,59.0,6.28765230648e-05,0.0377948070893,Crotona Park,-73.8939116864999,40.83893493049991
Bronx,60.0,60.0,0.000161833284912,0.0786482878226,Crotona Park East,-73.88497212849981,40.831335786999915
Brooklyn,61.0,61.0,0.000510772092295,0.117310808097,Crown Heights North,-73.94241452649987,40.673965946499905
Brooklyn,62.0,62.0,0.000158238169004,0.0822593359838,Crown Heights South,-73.94563594699994,40.6672795414999
Brooklyn,63.0,63.0,0.000353190910142,0.119100721883,Cypress Hills,-73.88255467399989,40.6846913414999
Queens,64.0,64.0,0.00105790284614,0.18445188474,Douglaston,-73.73636758993017,40.76066709841694
Brooklyn,65.0,65.0,8.1803882541e-05,0.0446070683658,Downtown Brooklyn/MetroTech,-73.98530032749991,40.6953503109999
Brooklyn,72.0,72.0,0.000323532461947,0.0952020695166,East Flatbush/Remsen Village,-73.92023267199991,40.65265499899992
Brooklyn,66.0,66.0,0.000108378855948,0.0546334593634,DUMBO/Vinegar Hill,-73.98724996985288,40.70170322259689
Brooklyn,67.0,67.0,0.000394282272487,0.0997470781551,Dyker Heights,-74.01239182199993,40.61841493099994
Manhattan,68.0,68.0,0.000111073378655,0.0493373795569,East Chelsea,-73.99991836599992,40.74843157549989
Queens,73.0,73.0,0.000291799754395,0.0853020209129,East Flushing,-73.80771327899998,40.75377780049991
Bronx,69.0,69.0,0.00019905160381,0.0789896450483,East Concourse/Concourse Village,-73.9161658404999,40.83060752849991
Queens,70.0,70.0,0.000195458476728,0.0638403183367,East Elmhurst,-73.86544192849993,40.764200896999895
Brooklyn,71.0,71.0,0.000382572587364,0.0931694551828,East Flatbush/Farragut,-73.93707866399994,40.644187693999925
Manhattan,79.0,79.0,0.000107893068218,0.0426249113144,East Village,-73.9853151009999,40.72795383099989
Brooklyn,80.0,80.0,0.00040732245622,0.117212621448,East Williamsburg,-73.93711495949984,40.714449946007775
Manhattan,74.0,74.0,0.000295038418204,0.11029093625,East Harlem North,-73.93741040191821,40.80561276899989
Brooklyn,85.0,85.0,0.000143637804933,0.0574751473562,Erasmus,-73.95220698049988,40.647008066999916
Queens,86.0,86.0,0.000623278815249,0.134245282582,Far Rockaway,-73.75590432034738,40.602582236148656
Manhattan,75.0,75.0,0.00024056392715,0.0876638997685,East Harlem South,-73.94541517951379,40.79047907499991
Brooklyn,76.0,76.0,0.00126660143241,0.241203016269,East New York,-73.8825665379999,40.65881960439934
Brooklyn,77.0,77.0,0.000191917981315,0.075461081444,East New York/Pennsylvania Avenue,-73.89266489799996,40.66714987599991
Bronx,78.0,78.0,0.000191114419551,0.0935944495806,East Tremont,-73.88201852999991,40.846066419999936
Bronx,81.0,81.0,0.00039956655019,0.197592771731,Eastchester,-73.82332145712245,40.877408383652124
Manhattan,87.0,87.0,6.72050210692e-05,0.0369015496117,Financial District North,-74.00723894418903,40.70665878589848
Queens,82.0,82.0,0.000323601079994,0.119875649697,Elmhurst,-73.8781106749999,40.7384749244999
Queens,83.0,83.0,0.000217463718718,0.105984933269,Elmhurst/Maspeth,-73.89388576349998,40.74015635699989
Staten Island,84.0,84.0,0.00207375572052,0.233623987032,Eltingville/Annadale/Prince's Bay,-74.19044206599993,40.532010680610426
Manhattan,88.0,88.0,5.72999455414e-05,0.0352046035327,Financial District South,-74.01101059702111,40.703279486942584
Brooklyn,89.0,89.0,0.000447548142373,0.122794569553,Flatbush/Ditmas Park,-73.96066023649988,40.6408055694999
Manhattan,90.0,90.0,5.53132476305e-05,0.0307591620819,Flatiron,-73.99697120049991,40.742282995499934
Manhattan,125.0,125.0,7.64293209892e-05,0.0497322121757,Hudson Sq,-74.00867659015563,40.72546842899988
Brooklyn,91.0,91.0,0.000537330013243,0.124996624585,Flatlands,-73.93211487449993,40.6279474734999
Queens,92.0,92.0,0.000374946617289,0.117830066799,Flushing,-73.82741565411524,40.76434818299988
Queens,93.0,93.0,0.000594278183978,0.170998027597,Flushing Meadows-Corona Park,-73.8391781609999,40.73920557693152
Bronx,94.0,94.0,6.25819407393e-05,0.0498326083147,Fordham South,-73.89836006749992,40.858331678999924
Queens,95.0,95.0,0.00057277033803,0.113629605476,Forest Hills,-73.84591725199981,40.72270292049993
Queens,96.0,96.0,0.000547566253402,0.185180248095,Forest Park/Highland Park,-73.86938352499988,40.695779938999905
Brooklyn,97.0,97.0,0.000163303970435,0.0624760147423,Fort Greene,-73.9761970479999,40.69012588499988
Queens,98.0,98.0,0.000485773020954,0.121661018278,Fresh Meadows,-73.77660400199987,40.73406128099991
Staten Island,99.0,99.0,0.00121016463877,0.1833714893,Freshkills Park,-74.18837134460101,40.579421823499914
Manhattan,100.0,100.0,3.74700210291e-05,0.0248131090342,Garment District,-73.98879086249991,40.75351008049992
Queens,101.0,101.0,0.000452342528877,0.101709836277,Glen Oaks,-73.7144857899677,40.7435324090614
Queens,102.0,102.0,0.000296595466345,0.136900484646,Glendale,-73.8762752915,40.70266458399989
Manhattan,103.0,103.0,6.33056361314e-06,0.0143055167343,Governor's Island/Ellis Island/Liberty Island,-74.04514167358582,40.68981941210902
Manhattan,103.0,103.0,6.33056361314e-06,0.0143055167343,Governor's Island/Ellis Island/Liberty Island,-74.04069248006847,40.69867180082058
Manhattan,103.0,103.0,6.33056361314e-06,0.0143055167343,Governor's Island/Ellis Island/Liberty Island,-74.01918926085249,40.68813517884921
Manhattan,103.0,104.0,1.19205339715e-05,0.0212208330928,Governor's Island/Ellis Island/Liberty Island,-74.04514167358582,40.68981941210902
Manhattan,103.0,104.0,1.19205339715e-05,0.0212208330928,Governor's Island/Ellis Island/Liberty Island,-74.04069248006847,40.69867180082058
Manhattan,103.0,104.0,1.19205339715e-05,0.0212208330928,Governor's Island/Ellis Island/Liberty Island,-74.01918926085249,40.68813517884921
Manhattan,103.0,105.0,0.000368636392805,0.0774253398314,Governor's Island/Ellis Island/Liberty Island,-74.04514167358582,40.68981941210902
Manhattan,103.0,105.0,0.000368636392805,0.0774253398314,Governor's Island/Ellis Island/Liberty Island,-74.04069248006847,40.69867180082058
Manhattan,103.0,105.0,0.000368636392805,0.0774253398314,Governor's Island/Ellis Island/Liberty Island,-74.01918926085249,40.68813517884921
Brooklyn,106.0,106.0,0.000113616826567,0.0492110119798,Gowanus,-73.99018765149987,40.673257901499916
Manhattan,107.0,107.0,7.46112192675e-05,0.0380413645908,Gramercy,-73.98401569649994,40.7373374259999
Brooklyn,108.0,108.0,0.000352866009465,0.11117141227,Gravesend,-73.98281648625473,40.588916627382794
Staten Island,109.0,109.0,0.00116960076185,0.178267819599,Great Kills,-74.15076723149994,40.549091639415735
Staten Island,110.0,110.0,0.000525745098785,0.103946292913,Great Kills Park,-74.12700560635957,40.54328854544133
Brooklyn,111.0,111.0,0.000208683276503,0.0599308800658,Green-Wood Cemetery,-73.9912179504999,40.65189438149993
Brooklyn,112.0,112.0,0.000462068671429,0.107267875765,Greenpoint,-73.94817837037638,40.72879174306715
Manhattan,113.0,113.0,5.79634566998e-05,0.032745350566,Greenwich Village North,-73.99496754899998,40.73222517999994
Manhattan,114.0,114.0,4.70207704945e-05,0.0317270347711,Greenwich Village South,-73.99718279649989,40.728532842999925
Staten Island,115.0,115.0,0.000373168991958,0.116169413964,Grymes Hill/Clifton,-74.08732193799997,40.62012292699988
Manhattan,116.0,116.0,0.000260415337217,0.0681164844265,Hamilton Heights,-73.94909801096932,40.827643611999925
Queens,117.0,117.0,0.00090429427072,0.169885857987,Hammels/Arverne,-73.79020834890787,40.59609399003112
Staten Island,118.0,118.0,0.00182693922711,0.243966217692,Heartland Village/Todt Hill,-74.13021274799993,40.58566061399992
Bronx,119.0,119.0,0.000185779447534,0.0835070355744,Highbridge,-73.92489468218349,40.83677387471742
Manhattan,120.0,120.0,9.31462821313e-05,0.0832612702158,Highbridge Park,-73.93120762703974,40.84598901449994
Brooklyn,149.0,149.0,0.000270639618955,0.0836805821837,Madison,-73.94642772599991,40.606329142499874
Brooklyn,150.0,150.0,0.000332568036088,0.089331491183,Manhattan Beach,-73.94517721099993,40.580463380422565
Queens,121.0,121.0,0.000384563286473,0.0969153373445,Hillcrest/Pomonok,-73.80276245849996,40.72739851499992
Queens,122.0,122.0,0.000226597104976,0.0665318439446,Hollis,-73.76119590149993,40.71095828749988
Brooklyn,123.0,123.0,0.000296445173366,0.0834211389387,Homecrest,-73.96453577199983,40.59992788599992
Queens,124.0,124.0,0.000754837821479,0.127724410062,Howard Beach,-73.84478163086115,40.659577517339336
Bronx,126.0,126.0,0.0007032738273,0.12994872606,Hunts Point,-73.88559393720027,40.81391527000518
Manhattan,127.0,127.0,0.000163195647796,0.0600188855815,Inwood,-73.9195757623364,40.86445877063812
Manhattan,128.0,128.0,0.000207405982869,0.0702090290681,Inwood Hill Park,-73.92187440824199,40.87285330306072
Queens,129.0,129.0,0.00047398833179,0.0932727273403,Jackson Heights,-73.88464253049985,40.759174315499884
Queens,134.0,134.0,0.000202375182143,0.0695878223284,Kew Gardens,-73.82976224899987,40.70868975249994
Manhattan,151.0,151.0,0.000128848901918,0.0548899410999,Manhattan Valley,-73.96822204207639,40.797859116286894
Queens,130.0,130.0,0.000468322514327,0.142028320665,Jamaica,-73.79241185499988,40.703279450999915
Queens,139.0,139.0,0.000446669880154,0.0932997884483,Laurelton,-73.74374868249994,40.67786543249993
Queens,131.0,131.0,0.000423696152789,0.116547120922,Jamaica Estates,-73.77298537549987,40.72045217399988
Queens,132.0,132.0,0.00203830095472,0.24547851707,JFK Airport,-73.7896225684852,40.64270355737841
Brooklyn,133.0,133.0,0.000157188987507,0.065134863162,Kensington,-73.97819427599988,40.63940094899989
Manhattan,140.0,140.0,0.000114203907779,0.0475842911325,Lenox Hill East,-73.95472774589084,40.765305162962136
Queens,135.0,135.0,0.000467912240542,0.121793045659,Kew Gardens Hills,-73.8208170044999,40.72952795749991
Bronx,136.0,136.0,0.000148524994129,0.0906287154122,Kingsbridge Heights,-73.90539442299959,40.86536498299988
Manhattan,137.0,137.0,0.000116455098947,0.0461076242707,Kips Bay,-73.97717209350198,40.7403357497753
Manhattan,141.0,141.0,7.66545579019e-05,0.0415144638712,Lenox Hill West,-73.95963426699993,40.766951507499925
Manhattan,142.0,142.0,7.56537920738e-05,0.0381758942321,Lincoln Square East,-73.981530168,40.77365866749991
Manhattan,152.0,152.0,0.000146637644064,0.0579094768782,Manhattanville,-73.95405467248986,40.817519321475686
Queens,138.0,138.0,0.000536797294367,0.107466933508,LaGuardia Airport,-73.87344023987976,40.77485131412746
Manhattan,143.0,143.0,0.00015109426901,0.0541798538849,Lincoln Square West,-73.9884571529746,40.775785240499935
Manhattan,144.0,144.0,4.74789670369e-05,0.0276201668505,Little Italy/NoLiTa,-73.9972436429999,40.72083179199991
Queens,145.0,145.0,0.000346641733797,0.114313844981,Long Island City/Hunters Point,-73.94962883744299,40.74658190170091
Queens,146.0,146.0,0.000104638923425,0.0471405215717,Long Island City/Queens Plaza,-73.93410482599992,40.754399660499914
Bronx,147.0,147.0,0.000106418172757,0.0587654949268,Longwood,-73.89865102299996,40.819064576499905
Manhattan,148.0,148.0,6.97489921327e-05,0.0391305015633,Lower East Side,-73.99066416299985,40.71910166149987
Manhattan,153.0,153.0,3.24684964817e-05,0.024737239022,Marble Hill,-73.91122570160039,40.87559769749257
Brooklyn,154.0,154.0,0.00178968692433,0.22733157076,Marine Park/Floyd Bennett Field,-73.90822143191028,40.59313302587803
Brooklyn,155.0,155.0,0.000868261018498,0.169808473032,Marine Park/Mill Basin,-73.91726201423214,40.61779794555025
Staten Island,156.0,156.0,0.0010521217443,0.144476890476,Mariners Harbor,-74.1693438887563,40.62876220423897
Bronx,159.0,159.0,0.00017124910387,0.064363233206,Melrose South,-73.91395997899984,40.818334523499914
Queens,157.0,157.0,0.000354370128323,0.131300217777,Maspeth,-73.90559976837736,40.72402549949995
Manhattan,158.0,158.0,0.000185568253002,0.0548099905515,Meatpacking/West Village West,-74.00977439058099,40.735295274615794
Queens,160.0,160.0,0.000571234977994,0.14151914297,Middle Village,-73.88220082799991,40.718562669999926
Manhattan,161.0,161.0,7.19130682992e-05,0.0358039100611,Midtown Center,-73.9776801605,40.75803031499992
Manhattan,162.0,162.0,4.78936962112e-05,0.0352698146219,Midtown East,-73.97247058149988,40.75683997849993
Manhattan,163.0,163.0,4.08567804196e-05,0.0341768669752,Midtown North,-73.97704129499989,40.76438657849989
Manhattan,164.0,164.0,5.56318237441e-05,0.0357716119908,Midtown South,-73.98568407899992,40.74908338549993
Manhattan,170.0,170.0,7.43150675972e-05,0.0457690091051,Murray Hill,-73.97764804049996,40.747725378499894
Brooklyn,165.0,165.0,0.000353959317019,0.088608036213,Midwood,-73.95794227799996,40.62007445249994
Manhattan,166.0,166.0,0.000255276270405,0.0688237542871,Morningside Heights,-73.96160445538064,40.809621376870396
Bronx,167.0,167.0,0.000167529391193,0.0908159737292,Morrisania/Melrose,-73.90139331649988,40.827987676999925
Brooklyn,178.0,178.0,0.000175805409143,0.0682528770739,Ocean Parkway South,-73.97035491649984,40.61763614749992
Bronx,168.0,168.0,0.000547058100444,0.114517434155,Mott Haven/Port Morris,-73.9146704041826,40.80709775342673
Bronx,169.0,169.0,0.000146027537733,0.0601046580332,Mount Hope,-73.90625315449984,40.84922590399991
Queens,171.0,171.0,0.000520099538161,0.107353876244,Murray Hill-Queens,-73.80844514399993,40.76865731449991
Staten Island,172.0,172.0,0.000658402501406,0.118476116148,New Dorp/Midland Beach,-74.10492810109592,40.57244281468053
Queens,173.0,173.0,0.000178329851357,0.0600639661414,North Corona,-73.86339178649989,40.75163701249991
Bronx,174.0,174.0,0.000155928664422,0.0678177559602,Norwood,-73.87873647099988,40.87685491549992
Queens,175.0,175.0,0.000504920726134,0.134897665102,Oakland Gardens,-73.75394971599994,40.74330428899989
Queens,179.0,179.0,0.000183893478476,0.0713808644377,Old Astoria,-73.92778014561384,40.771420846909194
Staten Island,176.0,176.0,0.000657782126267,0.151995190703,Oakwood,-74.12215829600319,40.56207458560748
Brooklyn,177.0,177.0,0.000198894762248,0.0715805407056,Ocean Hill,-73.91139941699996,40.6771552904999
Queens,180.0,180.0,0.000247682193353,0.0805277671523,Ozone Park,-73.84834881449996,40.67506227649992
Brooklyn,181.0,181.0,0.000306890292807,0.0895372399547,Park Slope,-73.98281926999994,40.67193495149989
Bronx,182.0,182.0,9.10644156732e-05,0.0393606369479,Parkchester,-73.85808235749997,40.837730831999934
Bronx,183.0,183.0,9.51929451066e-05,0.0398262960348,Pelham Bay,-73.83150112949997,40.849546317999895
Bronx,184.0,184.0,0.00198883363103,0.260815683043,Pelham Bay Park,-73.79976234070955,40.86393164263349
Bronx,185.0,185.0,0.000228537100218,0.0861619681636,Pelham Parkway,-73.85244987099998,40.85346786199989
Manhattan,186.0,186.0,3.70729416953e-05,0.0246963902234,Penn Station/Madison Sq West,-73.99243404399994,40.748496368499886
Brooklyn,189.0,189.0,0.000101427594033,0.0486743306502,Prospect Heights,-73.96812739849992,40.67722034799988
Brooklyn,190.0,190.0,0.000270873666522,0.0743294660829,Prospect Park,-73.97059249049991,40.66064320699988
Staten Island,187.0,187.0,0.000421195755741,0.126868431324,Port Richmond,-74.13743422052602,40.62569230420253
Brooklyn,188.0,188.0,0.000313003032771,0.0977983968367,Prospect-Lefferts Gardens,-73.94477074249983,40.6573449524999
Queens,191.0,191.0,0.000688460603185,0.130932637664,Queens Village,-73.74201715508471,40.713960955999916
Queens,192.0,192.0,0.000373808019026,0.11196461971,Queensboro Hill,-73.81520176599994,40.74442868499992
Queens,193.0,193.0,0.000145591657944,0.0655299584801,Queensbridge/Ravenswood,-73.94239428004576,40.76179195054665
Manhattan,194.0,194.0,0.000273481702719,0.0817938353532,Randalls Island,-73.92492725014543,40.79145942138223
Queens,196.0,196.0,0.0001974713336,0.0832421106332,Rego Park,-73.86567409649992,40.72370340799988
Brooklyn,195.0,195.0,0.000801651953985,0.131308244067,Red Hook,-74.00928542932331,40.67546267314576
Queens,203.0,203.0,0.000615129861659,0.189937815868,Rosedale,-73.7445592960488,40.659261826217346
Queens,197.0,197.0,0.000504689160432,0.108568532229,Richmond Hill,-73.83005530899993,40.69267955149992
Queens,198.0,198.0,0.000499809882564,0.134094242763,Ridgewood,-73.90082572749989,40.704617716999934
Bronx,199.0,199.0,0.000288747549303,0.0778085005169,Rikers Island,-73.88180428793488,40.79205357580686
Bronx,212.0,212.0,0.000161276191858,0.0671290653429,Soundview/Bruckner,-73.87040107549993,40.82828955699989
Bronx,213.0,213.0,0.000904077906339,0.159958783822,Soundview/Castle Hill,-73.86026226949987,40.81671230470969
Bronx,200.0,200.0,0.000744643168558,0.112661735435,Riverdale/North Riverdale/Fieldston,-73.90847213944299,40.900078774001244
Staten Island,204.0,204.0,0.000641384265972,0.101912418311,Rossville/Woodrow,-74.20652965749998,40.54076728199989
Queens,201.0,201.0,0.000619350747819,0.130404117686,Rockaway Park,-73.84103664949998,40.577419594839355
Manhattan,202.0,202.0,0.000106175396322,0.0699215712618,Roosevelt Island,-73.95080978375195,40.76118030360057
Queens,205.0,205.0,0.000766216513505,0.141953388327,Saint Albans,-73.7634295554999,40.691703479999916
Staten Island,206.0,206.0,0.000944392507762,0.212756793386,Saint George/New Brighton,-74.10064669976971,40.635989988386704
Queens,207.0,207.0,4.47230848441e-05,0.0283756831492,Saint Michaels Cemetery/Woodside,-73.89853260749992,40.76352491699989
Bronx,208.0,208.0,0.00202032598969,0.214721009581,Schuylerville/Edgewater Park,-73.8161966690266,40.8246675291574
Manhattan,209.0,209.0,3.88703351209e-05,0.0306953113473,Seaport,-74.00412857927198,40.70847535535256
Brooklyn,210.0,210.0,0.000453155131253,0.114851983372,Sheepshead Bay,-73.93920262732865,40.593771838499904
Manhattan,211.0,211.0,3.97291966087e-05,0.0252345082132,SoHo,-74.00108181249989,40.72371646899991
Staten Island,214.0,214.0,0.000811976523012,0.135300314246,South Beach/Dongan Hills,-74.08480889610622,40.58661701101048
Queens,215.0,215.0,0.000395647022725,0.103556453625,South Jamaica,-73.79229478899991,40.6941938209999
Queens,216.0,216.0,0.000816076647781,0.116797554681,South Ozone Park,-73.82063046149987,40.677210025499896
Brooklyn,217.0,217.0,0.000114733270758,0.0553905251285,South Williamsburg,-73.95772069499992,40.70323292049994
Queens,218.0,218.0,0.000281293736407,0.0837008281049,Springfield Gardens North,-73.77288619349994,40.67346860149991
Queens,219.0,219.0,0.000428176336771,0.155126669675,Springfield Gardens South,-73.77029838599998,40.660282711499896
Brooklyn,225.0,225.0,0.000310835395162,0.0887992073281,Stuyvesant Heights,-73.93012533599993,40.688712623999905
Bronx,220.0,220.0,0.000313035744467,0.106015943267,Spuyten Duyvil/Kingsbridge,-73.91075937043254,40.881842312999886
Manhattan,224.0,224.0,9.84786989135e-05,0.0440204462769,Stuy Town/Peter Cooper Village,-73.97698123604246,40.73170970499916
Queens,226.0,226.0,0.00076194414504,0.168957762041,Sunnyside,-73.92653501382505,40.735242117030516
Staten Island,221.0,221.0,0.000890111567051,0.166218220846,Stapleton,-74.07235480045112,40.62023083199988
Brooklyn,222.0,222.0,0.000130268343918,0.0483893527976,Starrett City,-73.88291614149992,40.646715413676645
Queens,223.0,223.0,0.00076436070058,0.166021925275,Steinway,-73.90584402349992,40.778401845890905
Brooklyn,227.0,227.0,0.000268316529534,0.0828301570789,Sunset Park East,-74.00294706299992,40.641534597999936
Brooklyn,228.0,228.0,0.000993414783816,0.177685177706,Sunset Park West,-74.00995813949477,40.653592800499915
Manhattan,229.0,229.0,9.47058230931e-05,0.0425252900116,Sutton Place/Turtle Bay North,-73.96499747655662,40.75657363039551
Manhattan,230.0,230.0,5.60914463266e-05,0.0310283096779,Times Sq/Theatre District,-73.98419627399991,40.75981693399996
Manhattan,231.0,231.0,0.000166929752992,0.0634201165587,TriBeCa/Civic Center,-74.00726426169041,40.718576348499894
Manhattan,239.0,239.0,0.000204715440774,0.0636261152958,Upper West Side South,-73.97873159717165,40.784024563233686
Manhattan,232.0,232.0,0.000216049973456,0.0614709085331,Two Bridges/Seward Park,-73.98302108862248,40.71529991058124
Manhattan,233.0,233.0,0.000116188094682,0.048035918294,UN/Turtle Bay South,-73.96997990593074,40.749123894014915
Manhattan,234.0,234.0,7.31054382894e-05,0.0360721994984,Union Sq,-73.99045739599995,40.7402367139999
Bronx,235.0,235.0,0.000212844547337,0.0761668426519,University Heights/Morris Heights,-73.91638290393412,40.85370968599989
Manhattan,236.0,236.0,0.000102864345211,0.0442519223099,Upper East Side North,-73.95700953199992,40.78043963049993
Manhattan,237.0,237.0,9.59873206621e-05,0.0422126003388,Upper East Side South,-73.96563511049996,40.76861400849992
Manhattan,238.0,238.0,0.000184763693765,0.0601093114033,Upper West Side North,-73.97303122261616,40.79178324542308
Bronx,240.0,240.0,0.000722130920707,0.146069764379,Van Cortlandt Park,-73.88054258199983,40.89477328696154
Bronx,241.0,241.0,0.00025467697592,0.0687645777649,Van Cortlandt Village,-73.89587824299987,40.87601205349996
Queens,258.0,258.0,0.000366209617143,0.0890133787693,Woodhaven,-73.85494030049989,40.689977295999924
Bronx,242.0,242.0,0.000360072450014,0.138136446433,Van Nest/Morris Park,-73.8510353014999,40.849633430499914
Staten Island,245.0,245.0,0.000466175414294,0.0959830596604,West Brighton,-74.10069559899995,40.62838706499991
Manhattan,263.0,263.0,6.57697664169e-05,0.0370166252994,Yorkville West,-73.95100837249986,40.778766265999934
Manhattan,243.0,243.0,0.000438377341503,0.0943314999364,Washington Heights North,-73.9357980222621,40.858636550935785
Manhattan,244.0,244.0,0.000359702747951,0.0805686044599,Washington Heights South,-73.9407743822414,40.84119443549991
Queens,253.0,253.0,7.83395761191e-05,0.0360514998192,Willets Point,-73.84175020507486,40.76039128611463
Manhattan,246.0,246.0,0.000281298327076,0.0694671937437,West Chelsea/Hudson Yards,-74.0038113169179,40.7524116126781
Bronx,247.0,247.0,0.000205617157843,0.0929678582271,West Concourse,-73.92250501292031,40.82918287949994
Bronx,248.0,248.0,0.000149592769799,0.0569191167671,West Farms/Bronx River,-73.87330604599998,40.834681044499945
Manhattan,249.0,249.0,7.22155957729e-05,0.03638434365,West Village,-74.00196507349995,40.73461060499992
Brooklyn,257.0,257.0,0.00013890947321,0.0586690259793,Windsor Terrace,-73.97963624499985,40.65347735549993
Bronx,250.0,250.0,0.000240975845956,0.0796263465454,Westchester Village/Unionport,-73.84985149349995,40.832612838999864
Staten Island,251.0,251.0,0.000625754983157,0.1377111611,Westerleigh,-74.12365656199992,40.61956878299993
Queens,252.0,252.0,0.00102526406057,0.158004373564,Whitestone,-73.81569915799992,40.7883107899095
Bronx,254.0,254.0,0.000360040216032,0.0858863754861,Williamsbridge/Olinville,-73.85823380549994,40.88331035549993
Brooklyn,255.0,255.0,0.000172309184842,0.0623841997664,Williamsburg (North Side),-73.95728866733344,40.71879296345271
Brooklyn,256.0,256.0,0.000168611097013,0.0679149669603,Williamsburg (South Side),-73.95933243361253,40.71097846301373
Bronx,259.0,259.0,0.000394552487366,0.126750305191,Woodlawn/Wakefield,-73.85633414049992,40.89906074355065
Queens,260.0,260.0,0.000422345326907,0.133514154636,Woodside,-73.90685097249985,40.74660325849994
Manhattan,261.0,261.0,3.43423231652e-05,0.0271204563616,World Trade Center,-74.01264349249996,40.70911981499988
Manhattan,262.0,262.0,0.000122330270966,0.0490636231541,Yorkville East,-73.94514204811304,40.77668136300471
